"시도별","품목별",2025.07,2026.02,2026.03,2026.04,2026.05,2026.06,2026.07
"전국","총지수",116.52,118.40,118.80,119.37,119.92,119.99,119.77
"전국","생활물가지수",119.22,121.49,122.24,122.83,123.19,123.28,122.26
"전국","식품",126.05,128.34,127.92,127.56,127.74,128.10,128.05
"전국","쌀",107.93,117.53,116.63,116.70,116.63,116.94,116.50
"전국","국수",145.87,155.54,155.33,144.58,143.16,141.67,147.99
"전국","라면",123.92,127.93,126.60,126.40,126.71,126.70,126.96
"전국","두부",111.01,109.19,108.51,108.42,108.58,109.17,107.72
"전국","빵",138.55,138.75,138.53,138.47,138.48,138.48,138.51
"전국","떡",124.95,128.79,129.02,129.18,129.96,130.01,130.44
"전국","국산쇠고기",104.43,113.59,111.65,110.50,109.01,111.28,110.35
"전국","수입쇠고기",132.49,144.10,144.14,145.29,145.43,144.95,144.03
"전국","돼지고기",132.22,127.96,125.21,127.70,132.99,135.77,134.56
"전국","닭고기",132.83,131.84,135.13,139.37,139.24,137.91,134.86
"전국","햄및베이컨",122.86,121.92,121.07,118.21,121.28,125.24,126.33
"전국","기타육류가공품",133.09,137.89,139.39,140.22,135.63,136.12,137.77
"전국","고등어",127.18,134.71,136.12,135.74,134.76,138.03,136.02
"전국","오징어",130.90,133.51,132.99,132.18,137.07,134.96,132.29
"전국","조개",114.49,125.53,124.19,126.20,127.03,121.08,121.71
"전국","어묵",130.83,125.91,128.39,125.73,126.73,133.20,134.76
"전국","우유",124.19,124.13,124.69,124.18,124.28,124.54,124.55
"전국","발효유",128.91,128.20,128.57,128.24,128.07,128.07,128.04
"전국","달걀",144.79,141.55,142.20,145.81,153.62,157.16,155.63
"전국","참기름",151.44,146.68,146.40,152.90,148.21,153.82,153.12
"전국","식용유",158.54,154.95,168.64,158.11,153.40,152.92,157.96
"전국","사과",172.93,167.79,170.94,171.96,173.01,174.80,170.88
"전국","포도",145.19,127.20,122.75,118.41,119.30,123.33,144.30
"전국","귤",262.07,206.86,229.15,223.51,219.17,217.34,210.53
"전국","수박",154.87,158.10,154.84,151.02,171.85,153.14,137.68
"전국","바나나",112.69,120.49,119.26,119.18,118.81,116.32,112.68
"전국","배추",100.72,107.95,105.81,99.20,82.96,81.70,82.23
"전국","상추",115.57,122.11,95.22,90.94,89.70,98.61,115.69
"전국","시금치",162.18,130.13,91.30,73.72,81.14,89.43,127.70
"전국","깻잎",108.83,138.83,117.59,106.07,109.19,102.01,98.61
"전국","부추",88.43,180.38,140.15,114.58,85.72,74.23,72.84
"전국","무",107.22,97.59,92.31,82.45,95.48,94.15,95.67
"전국","당근",83.00,79.54,80.36,80.70,84.30,81.19,81.64
"전국","감자",100.63,143.50,160.22,173.64,161.18,119.57,99.68
"전국","콩나물",110.19,109.21,109.55,109.87,110.45,110.11,110.04
"전국","버섯",102.89,130.83,112.93,108.28,110.19,108.25,106.19
"전국","오이",110.38,169.25,143.32,114.50,90.99,86.65,95.10
"전국","풋고추",121.37,163.40,144.50,122.61,113.29,115.38,117.22
"전국","호박",89.32,161.63,127.31,92.50,70.20,78.46,75.12
"전국","토마토",87.78,121.02,115.36,106.86,96.48,90.19,84.71
"전국","파",91.70,116.57,99.48,73.37,87.15,109.88,108.44
"전국","양파",91.72,102.32,98.25,98.95,92.72,88.59,84.05
"전국","마늘",145.84,137.37,139.41,139.86,138.76,138.97,137.21
"전국","김",151.71,155.12,155.55,155.15,153.62,154.53,154.70
"전국","사탕",115.70,115.02,111.16,115.73,115.83,117.01,117.10
"전국","아이스크림",128.25,128.10,128.90,128.31,128.96,129.10,128.93
"전국","비스킷",133.28,134.07,134.39,134.08,133.75,134.29,135.57
"전국","스낵과자",118.99,119.32,119.33,119.03,118.94,118.66,118.93
"전국","파이",116.18,116.19,116.47,116.03,116.49,116.55,117.03
"전국","소금",176.56,176.33,175.53,175.69,176.09,176.52,176.88
"전국","간장",129.85,138.71,139.19,140.18,142.43,140.83,142.40
"전국","밑반찬",115.53,117.28,117.07,117.80,118.13,118.04,118.18
"전국","냉동식품",118.92,118.40,120.46,118.84,120.63,118.89,118.38
"전국","즉석식품",124.06,126.36,125.55,126.10,127.20,127.79,127.25
"전국","편의점도시락",117.30,118.57,118.57,118.57,118.57,118.57,118.57
"전국","삼각김밥",112.95,115.12,115.19,115.77,116.07,116.22,116.26
"전국","커피",142.87,143.02,144.10,144.92,142.52,143.90,145.81
"전국","주스",134.66,136.78,136.73,136.52,136.45,136.56,136.41
"전국","두유",129.32,124.66,126.28,126.09,127.04,127.23,126.71
"전국","생수",116.13,117.54,117.21,117.50,117.50,116.95,117.03
"전국","탄산음료",117.83,120.69,112.74,119.55,118.99,119.47,120.71
"전국","소주",108.51,108.56,108.67,108.92,108.92,108.96,109.01
"전국","맥주",115.74,116.19,116.17,116.15,115.98,116.22,116.21
"전국","막걸리",123.14,123.34,123.43,123.41,123.72,123.88,124.23
"전국","김치찌개백반",127.43,129.79,130.53,130.69,130.92,131.06,131.17
"전국","된장찌개백반",125.94,128.84,129.62,129.71,129.94,130.10,130.31
"전국","비빔밥",128.52,131.02,131.21,132.08,132.87,132.98,133.04
"전국","해장국",129.68,133.35,133.96,134.39,134.39,134.59,134.90
"전국","돼지갈비(외식)",124.34,126.01,126.66,127.06,127.24,127.40,127.68
"전국","삼겹살(외식)",122.49,124.80,125.07,125.33,125.54,125.74,125.80
"전국","냉면",127.83,129.58,130.17,131.25,131.68,131.84,132.13
"전국","칼국수",129.61,132.61,132.97,133.21,133.54,133.81,133.91
"전국","자장면",133.99,136.98,136.93,137.77,138.13,138.24,138.32
"전국","짬뽕",129.78,132.85,132.86,133.64,133.95,134.30,134.38
"전국","김밥",138.61,142.24,142.61,143.10,143.82,143.91,144.78
"전국","떡볶이",135.09,138.35,138.86,139.73,140.24,140.24,140.48
"전국","치킨",129.36,131.09,131.31,131.47,131.77,132.11,132.06
"전국","햄버거",137.20,139.59,140.82,140.82,140.82,141.81,141.81
"전국","피자",119.57,119.68,119.68,119.68,119.68,119.68,119.68
"전국","커피(외식)",111.43,111.51,111.51,111.51,111.48,111.58,111.58
"전국","기타음료(외식)",107.34,107.34,107.34,107.34,107.34,107.43,107.43
"전국","소주(외식)",115.82,116.68,116.68,116.73,116.73,116.93,118.50
"전국","맥주(외식)",118.75,119.43,119.45,119.63,119.64,119.71,120.83
"전국","구내식당식사비",124.19,125.16,125.93,126.24,126.29,126.36,126.75
"전국","식품 이외",115.12,117.37,118.81,119.95,120.43,120.34,118.76
"전국","담배",99.77,99.77,99.77,99.77,99.77,99.77,99.77
"전국","남자하의",123.64,123.64,123.64,123.64,123.64,123.64,123.64
"전국","남자내의",109.28,111.07,111.15,111.19,111.32,111.40,111.42
"전국","여자하의",119.02,119.02,119.02,119.02,123.83,123.83,123.83
"전국","여자내의",109.19,109.58,109.64,109.27,109.67,109.79,110.11
"전국","티셔츠",123.77,123.77,123.77,123.77,123.77,123.77,123.77
"전국","유아동복",117.84,120.61,120.61,120.61,120.11,120.11,120.11
"전국","양말",103.81,104.26,104.25,104.25,104.20,104.24,104.29
"전국","운동화",111.42,111.42,111.42,111.42,115.05,115.05,115.05
"전국","상수도료",116.82,118.54,118.55,118.55,118.87,118.87,119.50
"전국","하수도료",121.96,131.86,131.86,131.86,132.31,132.31,132.31
"전국","공동주택관리비",126.46,131.63,131.33,130.76,131.70,131.06,130.91
"전국","쓰레기봉투료",106.23,106.49,106.49,106.18,106.10,106.10,106.10
"전국","전기료",126.47,142.16,142.16,142.16,142.16,142.16,126.47
"전국","도시가스",145.85,146.10,146.10,146.10,146.10,146.10,146.21
"전국","가전제품렌탈비",96.51,96.69,96.69,96.69,97.21,97.21,97.21
"전국","부엌용용구",120.95,119.60,120.47,119.55,122.14,124.09,129.03
"전국","세탁세제",130.35,125.64,120.60,121.92,132.82,128.08,127.71
"전국","섬유유연제",145.49,153.18,151.31,152.35,154.45,152.05,154.82
"전국","부엌용세제",118.79,123.50,121.15,121.38,121.41,122.58,122.82
"전국","소염진통제",115.46,115.47,115.50,115.60,115.56,115.48,115.45
"전국","조제약",93.58,92.78,92.78,92.78,92.56,92.45,92.45
"전국","건강기능식품",103.79,102.68,104.02,102.68,102.68,102.68,102.68
"전국","병원약품",93.28,92.58,92.58,92.58,92.40,92.24,92.24
"전국","생리대",115.22,111.50,119.55,108.71,110.24,109.46,110.64
"전국","마스크",71.06,70.82,70.62,70.62,70.76,70.70,70.88
"전국","외래진료비",109.26,111.43,111.43,111.43,111.43,111.43,111.43
"전국","한방진료비",117.29,119.47,119.47,119.47,119.47,119.47,119.47
"전국","약국조제료",116.03,119.90,119.90,119.90,119.90,119.90,119.90
"전국","치과진료비",112.96,115.25,115.25,115.25,115.25,115.25,115.25
"전국","휘발유",120.27,121.20,131.60,143.01,144.69,144.48,135.46
"전국","경유",128.17,132.15,152.52,164.90,167.13,166.93,155.79
"전국","도로통행료",97.28,95.82,95.82,95.82,95.82,95.82,95.82
"전국","도시철도료",120.08,120.08,120.08,120.08,120.08,120.08,120.08
"전국","시내버스료",112.72,117.03,117.03,116.96,116.96,116.96,116.96
"전국","택시료",122.84,123.79,123.82,123.82,123.82,123.82,124.42
"전국","택배이용료",114.97,114.94,114.73,114.94,114.70,114.65,114.65
"전국","휴대전화료",101.94,102.07,102.06,102.07,102.04,102.03,102.04
"전국","인터넷이용료",100.62,100.62,100.62,100.62,100.62,100.62,100.62
"전국","장난감",101.23,98.77,100.41,101.13,101.20,101.45,101.42
"전국","반려동물용품",120.07,121.45,122.91,120.15,122.29,122.25,123.27
"전국","영화관람료",128.81,128.81,128.81,128.81,128.81,128.81,128.81
"전국","온라인콘텐츠이용료",111.47,111.47,111.47,111.47,111.47,111.47,111.47
"전국","방송수신료",100.88,100.88,100.88,100.72,100.54,100.59,100.59
"전국","유치원납입금",67.62,47.24,39.72,39.72,39.72,39.72,39.71
"전국","전문대학납입금",105.64,105.64,108.68,108.68,108.68,108.68,108.68
"전국","사립대학교납입금",104.90,104.97,107.92,107.92,107.92,107.92,107.92
"전국","초등학생학원비",110.37,111.35,111.74,112.28,112.36,112.41,112.50
"전국","중학생학원비",109.52,110.80,111.15,111.51,111.59,111.66,111.87
"전국","고등학생학원비",107.78,108.64,108.90,109.07,109.32,109.37,109.56
"전국","가정학습지",117.84,120.03,120.03,120.03,124.33,124.33,124.33
"전국","목욕료",134.47,137.34,137.64,138.12,138.23,138.34,138.45
"전국","이발료",116.68,118.98,119.49,119.87,119.96,120.07,120.14
"전국","미용료",118.73,120.39,120.62,120.88,120.87,120.94,121.13
"전국","치약",112.21,115.20,110.68,119.65,117.10,114.96,118.19
"전국","샴푸",140.96,142.01,140.93,141.98,144.14,142.67,142.52
"전국","화장지",121.86,120.99,121.86,121.83,122.36,122.70,123.12
"전국","기초화장품",107.29,109.22,109.50,107.78,107.29,107.15,108.83
"전국","보험서비스료",190.29,211.52,211.52,215.81,215.81,215.81,215.81
"전국","자동차보험료",93.67,94.93,94.93,94.93,94.93,94.93,94.93
"전국","전월세",104.85,105.38,105.49,105.62,105.72,105.82,106.04
"전국","생활물가 이외",115.88,117.58,117.56,118.22,119.15,119.20,119.96
"전국","전·월세포함 생활물가지수",116.91,118.88,119.53,120.04,120.37,120.44,119.63
