rank,item,category,index_2025_07,index_2026_07,yoy_pct
1,경유,교통,128.17,155.79,21.55
2,파,식료품·비주류음료,91.70,108.44,18.26
3,보험서비스료,기타 생활서비스,190.29,215.81,13.41
4,휘발유,교통,120.27,135.46,12.63
5,간장,식료품·비주류음료,129.85,142.40,9.66
6,수입쇠고기,식료품·비주류음료,132.49,144.03,8.71
7,하수도료,주거·공공요금,121.96,132.31,8.49
8,쌀,식료품·비주류음료,107.93,116.50,7.94
9,달걀,식료품·비주류음료,144.79,155.63,7.49
10,고등어,식료품·비주류음료,127.18,136.02,6.95
11,부엌용용구,가정용품,120.95,129.03,6.68
12,섬유유연제,가정용품,145.49,154.82,6.41
13,조개,식료품·비주류음료,114.49,121.71,6.31
14,국산쇠고기,식료품·비주류음료,104.43,110.35,5.67
15,가정학습지,교육,117.84,124.33,5.51
16,치약,기타 생활서비스,112.21,118.19,5.33
17,김밥,외식,138.61,144.78,4.45
18,떡,식료품·비주류음료,124.95,130.44,4.39
19,여자하의,의류·신발,119.02,123.83,4.04
20,해장국,외식,129.68,134.90,4.03
21,떡볶이,외식,135.09,140.48,3.99
22,시내버스료,교통,112.72,116.96,3.76
23,짬뽕,외식,129.78,134.38,3.54
24,공동주택관리비,주거·공공요금,126.46,130.91,3.52
25,비빔밥,외식,128.52,133.04,3.52
26,기타육류가공품,식료품·비주류음료,133.09,137.77,3.52
27,된장찌개백반,외식,125.94,130.31,3.47
28,부엌용세제,가정용품,118.79,122.82,3.39
29,냉면,외식,127.83,132.13,3.36
30,햄버거,외식,137.20,141.81,3.36
31,약국조제료,보건,116.03,119.90,3.34
32,칼국수,외식,129.61,133.91,3.32
33,운동화,의류·신발,111.42,115.05,3.26
34,자장면,외식,133.99,138.32,3.23
35,버섯,식료품·비주류음료,102.89,106.19,3.21
36,어묵,식료품·비주류음료,130.83,134.76,3.00
37,이발료,기타 생활서비스,116.68,120.14,2.97
38,목욕료,기타 생활서비스,134.47,138.45,2.96
39,김치찌개백반,외식,127.43,131.17,2.93
40,삼각김밥,식료품·비주류음료,112.95,116.26,2.93
41,사립대학교납입금,교육,104.90,107.92,2.88
42,전문대학납입금,교육,105.64,108.68,2.88
43,햄및베이컨,식료품·비주류음료,122.86,126.33,2.82
44,삼겹살(외식),외식,122.49,125.80,2.70
45,돼지갈비(외식),외식,124.34,127.68,2.69
46,반려동물용품,오락·문화,120.07,123.27,2.67
47,즉석식품,식료품·비주류음료,124.06,127.25,2.57
48,라면,식료품·비주류음료,123.92,126.96,2.45
49,탄산음료,식료품·비주류음료,117.83,120.71,2.44
50,소주(외식),외식,115.82,118.50,2.31
51,상수도료,주거·공공요금,116.82,119.50,2.29
52,밑반찬,식료품·비주류음료,115.53,118.18,2.29
53,중학생학원비,교육,109.52,111.87,2.15
54,치킨,외식,129.36,132.06,2.09
55,구내식당식사비,외식,124.19,126.75,2.06
56,커피,식료품·비주류음료,142.87,145.81,2.06
57,치과진료비,보건,112.96,115.25,2.03
58,미용료,기타 생활서비스,118.73,121.13,2.02
59,외래진료비,보건,109.26,111.43,1.99
60,김,식료품·비주류음료,151.71,154.70,1.97
61,남자내의,의류·신발,109.28,111.42,1.96
62,초등학생학원비,교육,110.37,112.50,1.93
63,유아동복,의류·신발,117.84,120.11,1.93
64,한방진료비,보건,117.29,119.47,1.86
65,돼지고기,식료품·비주류음료,132.22,134.56,1.77
66,맥주(외식),외식,118.75,120.83,1.75
67,비스킷,식료품·비주류음료,133.28,135.57,1.72
68,고등학생학원비,교육,107.78,109.56,1.65
69,닭고기,식료품·비주류음료,132.83,134.86,1.53
70,국수,식료품·비주류음료,145.87,147.99,1.45
71,기초화장품,기타 생활서비스,107.29,108.83,1.44
72,자동차보험료,기타 생활서비스,93.67,94.93,1.35
73,주스,식료품·비주류음료,134.66,136.41,1.30
74,택시료,교통,122.84,124.42,1.29
75,사탕,식료품·비주류음료,115.70,117.10,1.21
76,참기름,식료품·비주류음료,151.44,153.12,1.11
77,샴푸,기타 생활서비스,140.96,142.52,1.11
78,편의점도시락,식료품·비주류음료,117.30,118.57,1.08
79,오징어,식료품·비주류음료,130.90,132.29,1.06
80,화장지,기타 생활서비스,121.86,123.12,1.03
81,막걸리,주류,123.14,124.23,0.89
82,여자내의,의류·신발,109.19,110.11,0.84
83,생수,식료품·비주류음료,116.13,117.03,0.77
84,파이,식료품·비주류음료,116.18,117.03,0.73
85,가전제품렌탈비,가정용품,96.51,97.21,0.73
86,아이스크림,식료품·비주류음료,128.25,128.93,0.53
87,양말,의류·신발,103.81,104.29,0.46
88,소주,주류,108.51,109.01,0.46
89,맥주,주류,115.74,116.21,0.41
90,우유,식료품·비주류음료,124.19,124.55,0.29
91,도시가스,주거·공공요금,145.85,146.21,0.25
92,장난감,오락·문화,101.23,101.42,0.19
93,소금,식료품·비주류음료,176.56,176.88,0.18
94,커피(외식),외식,111.43,111.58,0.13
95,상추,식료품·비주류음료,115.57,115.69,0.10
96,휴대전화료,통신,101.94,102.04,0.10
97,피자,외식,119.57,119.68,0.09
98,기타음료(외식),외식,107.34,107.43,0.08
99,남자하의,의류·신발,123.64,123.64,0.00
100,담배,담배,99.77,99.77,0.00
101,도시철도료,교통,120.08,120.08,0.00
102,영화관람료,오락·문화,128.81,128.81,0.00
103,온라인콘텐츠이용료,오락·문화,111.47,111.47,0.00
104,인터넷이용료,통신,100.62,100.62,0.00
105,전기료,주거·공공요금,126.47,126.47,0.00
106,티셔츠,의류·신발,123.77,123.77,0.00
107,소염진통제,보건,115.46,115.45,-0.01
108,바나나,식료품·비주류음료,112.69,112.68,-0.01
109,빵,식료품·비주류음료,138.55,138.51,-0.03
110,스낵과자,식료품·비주류음료,118.99,118.93,-0.05
111,쓰레기봉투료,주거·공공요금,106.23,106.10,-0.12
112,콩나물,식료품·비주류음료,110.19,110.04,-0.14
113,마스크,보건,71.06,70.88,-0.25
114,택배이용료,교통,114.97,114.65,-0.28
115,방송수신료,오락·문화,100.88,100.59,-0.29
116,식용유,식료품·비주류음료,158.54,157.96,-0.37
117,냉동식품,식료품·비주류음료,118.92,118.38,-0.45
118,포도,식료품·비주류음료,145.19,144.30,-0.61
119,발효유,식료품·비주류음료,128.91,128.04,-0.67
120,감자,식료품·비주류음료,100.63,99.68,-0.94
121,건강기능식품,보건,103.79,102.68,-1.07
122,병원약품,보건,93.28,92.24,-1.11
123,사과,식료품·비주류음료,172.93,170.88,-1.19
124,조제약,보건,93.58,92.45,-1.21
125,도로통행료,교통,97.28,95.82,-1.50
126,당근,식료품·비주류음료,83.00,81.64,-1.64
127,두유,식료품·비주류음료,129.32,126.71,-2.02
128,세탁세제,가정용품,130.35,127.71,-2.03
129,두부,식료품·비주류음료,111.01,107.72,-2.96
130,풋고추,식료품·비주류음료,121.37,117.22,-3.42
131,토마토,식료품·비주류음료,87.78,84.71,-3.50
132,생리대,보건,115.22,110.64,-3.98
133,마늘,식료품·비주류음료,145.84,137.21,-5.92
134,양파,식료품·비주류음료,91.72,84.05,-8.36
135,깻잎,식료품·비주류음료,108.83,98.61,-9.39
136,무,식료품·비주류음료,107.22,95.67,-10.77
137,수박,식료품·비주류음료,154.87,137.68,-11.10
138,오이,식료품·비주류음료,110.38,95.10,-13.84
139,호박,식료품·비주류음료,89.32,75.12,-15.90
140,부추,식료품·비주류음료,88.43,72.84,-17.63
141,배추,식료품·비주류음료,100.72,82.23,-18.36
142,귤,식료품·비주류음료,262.07,210.53,-19.67
143,시금치,식료품·비주류음료,162.18,127.70,-21.26
144,유치원납입금,교육,67.62,39.71,-41.27
