ingredient_ko,ingredient_en,common_role,mfds_2025_summary,corroborating_source,article_action,limitation
아세트아미노펜,acetaminophen,해열·진통,사용 가능한 예,LactMed 2026-04-15,단일 성분 우선 검토,간질환·중복 복용 등 산모 금기는 별도
이부프로펜,ibuprofen,해열·진통·소염,사용 가능한 예,LactMed 2025-08-15,단일 성분 우선 검토,NSAID 과민증·신장·위장관 위험은 별도
로라타딘,loratadine,콧물·재채기,사용 가능한 예,NHS SPS 2026-02-05,비진정성 항히스타민제 우선 검토,건강한 만삭아 기준
트리프롤리딘,triprolidine,콧물·재채기,사용 가능한 예,MFDS 2025-06-25,의사·약사 확인 후 검토,이 글에서 외부 정량자료 미검토
세티리진,cetirizine,콧물·재채기,해당 안내에 직접 열거되지 않음,NHS SPS 2026-02-05,비진정성 항히스타민제 우선 검토,건강한 만삭아 기준
클로르페니라민,chlorpheniramine,콧물·재채기,항히스타민제 영아 관찰,NHS SPS 2026-02-05,짧게·간헐적으로 검토하며 영아 관찰,모유 농도 직접 연구 없음
슈도에페드린,pseudoephedrine,코막힘,주의 필요,LactMed 2026-04-20,특히 모유량이 적거나 확립 전이면 우선 상담,8명 1회 연구
메틸에페드린,methylephedrine,기침·코막힘 복합 성분,주의 필요,MFDS 2025-06-25,복합제 복용 전 상담,이 글에서 외부 정량자료 미검토
덱스트로메토르판,dextromethorphan,기침 억제,해당 안내에 직접 열거되지 않음,LactMed 2025-09-15,단일 성분과 무알코올 제형 검토,다른 복합성분 별도 확인
